medcodeid,originalreadcode,cleansedreadcode,snomedctconceptid,snomedctdescriptionid,term,smoking_status,ever_smoker
1009271000006118,ASDFGNO1,,1009271000006102,1009271000006118,Non Smoker - Nos,Never smoker,
7965041000006111,^ESCTNE796504,,221000119102,2916218010,Never smoked any substance,Never smoker,
5495921000006119,^ESCTNE549592,,266919005,397731016,Never smoked,Never smoker,
397732011,1371,1371.00,266919005,397732011,Never smoked tobacco,Never smoker,
1123751000000113,9kn,9kn..00,505681000000109,1154431000000112,Non-smoker annual review - enhanced services administration,Never smoker,
1154431000000112,9kn-1,9kn..11,505681000000109,1154431000000112,Non-smoker annual review,Never smoker,
7569061000006118,^ESCTNE756906,,702979003,3006734013,Never used tobacco,Never smoker,
14866014,1371-1,1371.11,8392000,14866014,Non-smoker,Never smoker,
854951000006113,EGTONGR10,,854951000006109,854951000006113,Grade A non-smoker,Never smoker,
2735181000000113,^ESCT1172035,,1092031000000108,2735181000000113,Ex-smoker amount unknown,Ex-smoker,1
2735201000000112,^ESCT1172036,,1092041000000104,2735201000000112,Ex-very heavy smoker (40+/day),Ex-smoker,1
2735281000000119,^ESCT1172039,,1092071000000105,2735281000000119,Ex-heavy smoker (20-39/day),Ex-smoker,1
2735331000000112,^ESCT1172042,,1092091000000109,2735331000000112,Ex-moderate smoker (10-19/day),Ex-smoker,1
2735381000000111,^ESCT1172045,,1092111000000104,2735381000000111,Ex-light smoker (1-9/day),Ex-smoker,1
2735421000000119,^ESCT1172048,,1092131000000107,2735421000000119,Ex-trivial smoker (<1/day),Ex-smoker,1
7967851000006114,^ESCTAG796785,,1221000175102,3027295012,Age at smoking cessation,Ex-smoker,1
137761000006114,EGTONSM4,,137761000006105,137761000006114,Smoking Age Ceased,Ex-smoker,1
250373019,137K,137K.00,160617001,250373019,Stopped smoking,Ex-smoker,1
250374013,137L,137L.00,160618006,250374013,Current non-smoker,Ex-smoker,1
903051000006112,137L-99,137L.99,160618006,903051000006112,Tobacco Consumption Nil,Ex-smoker,1
649831000006117,137N,137N.00,160620009,250376010,Ex-pipe smoker,Ex-smoker,1
649821000006115,137O,137O.00,160621008,250377018,Ex-cigar smoker,Ex-smoker,1
250385010,137T,137T.00,160625004,250385010,Date ceased smoking,Ex-smoker,1
1626121000006116,EMISNQSM6,,1626121000006100,1626121000006116,Smoking cessation drug therapy - varenicline,Ex-smoker,1
295259018,E2513,E251300,191889006,295259018,Tobacco dependence in remission,Ex-smoker,1
1974281000006116,EMISICD10|F1720,,1974281000006100,1974281000006116,"Mental and behav dis due to use tobacco: dependence syndr, currently abstinent",Ex-smoker,1
1974311000006119,EMISICD10|F1721,,1974311000006103,1974311000006119,"Mental and behav dis due to use tobacco: dependence syndr, currently abstinent, but in a protected environment",Ex-smoker,1
1974371000006111,EMISICD10|F1723,,1974371000006107,1974371000006111,"Mental and behav dis due to use tobacco: dependence syndr, currently abstinent, but receiving treatment with aversive or blocking drugs",Ex-smoker,1
1974501000006110,EMISICD10|F1730,,1974501000006106,1974501000006110,"Mental and behav dis due to use tobacco: withdrawal state, uncomplicated",Ex-smoker,1
1974531000006119,EMISICD10|F1731,,1974531000006103,1974531000006119,"Mental and behav dis due to use tobacco: withdrawal state, with convulsions",Ex-smoker,1
1974571000006116,EMISICD10|F1740,,1974571000006100,1974571000006116,"Mental & behav dis due to tobacco: withdrawl state wth delirium, without convulsions",Ex-smoker,1
8061901000006111,^ESCTAT806190,,201931000000109,307601000000110,Attends practice smoking cessation clinic,Ex-smoker,1
1771191000006119,EMISNQAT12,,201941000000100,307621000000118,Attends smoking cessation clinic not at practice,Ex-smoker,1
4980561000006117,^ESCTTI498056,,228486009,342573017,Time since stopped smoking,Ex-smoker,1
250363016,1377,1377.00,266921000,397736014,Ex-trivial cigarette smoker (<1/day),Ex-smoker,1
250364010,1378,1378.00,266922007,397737017,Ex-light cigarette smoker (1-9/day),Ex-smoker,1
250365011,1379,1379.00,266923002,397738010,Ex-moderate cigarette smoker (10-19/day),Ex-smoker,1
250366012,137A,137A.00,266924008,397739019,Ex-heavy cigarette smoker (20-39/day),Ex-smoker,1
250367015,137B,137B.00,266925009,397740017,Ex-very heavy cigarette smoker (40+/day),Ex-smoker,1
5496031000006112,^ESCTEX549603,,266928006,397744014,Ex-cigarette smoker amount unknown,Ex-smoker,1
903041000006110,137F-99,137F.99,266928006,903041000006110,EX-Smoker NOS,Ex-smoker,1
418914010,137j,137j.00,281018007,418914010,Ex-cigarette smoker,Ex-smoker,1
6217151000006116,^ESCTIN621715,,360890004,476933013,Intolerant ex-smoker,Ex-smoker,1
6217281000006116,^ESCTAG621728,,360900008,476947012,Aggressive ex-smoker,Ex-smoker,1
37311000006117,EMISHGT222,,37311000006101,37311000006117,Other anti-smoking drug given,Ex-smoker,1
6427931000006116,^ESCTSM642793,,384742004,1479064018,Smoking cessation assistance,Ex-smoker,1
11793611000006110,^ESCT1179361,,384742004,3513200015,Smoking cessation behaviour support,Ex-smoker,1
1488873010,13p4,13p4.00,395177003,1488873010,Smoking free weeks,Ex-smoker,1
6718071000006115,^ESCTCU671807,,405746006,2157522017,Current non smoker but past smoking history unknown,Ex-smoker,1
7368651000006119,^ESCTSM736865,,449345000,2901755018,Smoked before confirmation of pregnancy,Ex-smoker,1
7368961000006112,^ESCTST736896,,449368009,2901763017,Stopped smoking during pregnancy,Ex-smoker,1
7368971000006117,^ESCTST736897,,449369001,2901764011,Stopped smoking before pregnancy,Ex-smoker,1
8017571000006117,^ESCTEX801757,,48031000119106,3047429015,Ex-smoker for more than 1 year,Ex-smoker,1
1059701000000119,137l,137l.00,492191000000103,1059701000000119,Ex roll-up cigarette smoker,Ex-smoker,1
1123951000000110,9km,9km..00,505761000000105,1154471000000114,Ex-smoker annual review - enhanced services administration,Ex-smoker,1
1154471000000114,9km-1,9km..11,505761000000105,1154471000000114,Ex-smoker annual review,Ex-smoker,1
1151791000000117,137K0,137K000,517211000000106,1151791000000117,Recently stopped smoking,Ex-smoker,1
3374141000006117,^ESCTTO337414,,53896009,89595016,Tolerant ex-smoker,Ex-smoker,1
649851000006112,EGTON1027,,649851000006108,649851000006112,Ex- Rolled Tobacco Smoker,Ex-smoker,1
649861000006114,EGTON322,,649861000006105,649861000006114,Ex-Cigarette Smoker,Ex-smoker,1
492511000000117,745H,745H.00,710081004,3043296015,Smoking cessation therapy,Ex-smoker,1
482871000000111,745Hy,745Hy00,710081004,3043296015,Other specified smoking cessation therapy,Ex-smoker,1
489931000000114,745Hz,745Hz00,710081004,3043296015,Smoking cessation therapy NOS,Ex-smoker,1
482771000000118,745H4,745H400,713700008,3297364011,Smoking cessation drug therapy,Ex-smoker,1
3513199018,^ESCT1165113,,735128000,3513199018,Ex-smoker for less than 1 year,Ex-smoker,1
14494021000006110,^ESCT1449402,,8517006,15046012,Former smoker,Ex-smoker,1
250371017,137F,137F.00,8517006,15047015,Ex-smoker - amount unknown,Ex-smoker,1
649841000006110,137S,137S.00,8517006,15047015,Ex-smoker,Ex-smoker,1
298701000000114,ZV116,ZV11600,8517006,15047015,History of tobacco use,Ex-smoker,1
2636041000006110,^ESCTCE263604,,8517006,15048013,Cessation of smoking,Ex-smoker,1
852121000006114,EMISQSM17,,852121000006105,852121000006114,Smoking cessation-maintain abstinence,Ex-smoker,1
853001000006110,EGTON1028,,853001000006106,853001000006110,Ex-smoker NOS,Ex-smoker,1
854051000006112,EGTON324,,854051000006108,854051000006112,Ex-pipe smoker,Ex-smoker,1
854111000006110,EGTON327,,854111000006106,854111000006110,Past smoker,Ex-smoker,1
854151000006111,EGTON328,,854151000006107,854151000006111,Date stopped smoking,Ex-smoker,1
904091000006116,EMISQDA1,,904091000006100,904091000006116,Date of last cigarette,Ex-smoker,1
904111000006113,EMISQCO2,,904111000006109,904111000006113,Carbon monoxide validation confirms non-smoker,Ex-smoker,1
904201000006117,EMISQSM11,,904201000006101,904201000006117,Smoking cessation confidence score,Ex-smoker,1
904221000006110,EMISQSM15,,904221000006106,904221000006110,Smoking cessation bupropion therapy,Ex-smoker,1
150398019,E023,E023.00,90755006,150398019,Nicotine withdrawal,Ex-smoker,1
397991000006116,Eu173,Eu17300,90755006,150398019,[X]Mental and behavioural disorders due to use of tobacco: withdrawal state,Ex-smoker,1
397281000006113,Eu174,Eu17400,90755006,150398019,[X]Mental and behavioural disorders due to use of tobacco: withdrawal state with delirium,Ex-smoker,1
909391000006117,HNGZ011,,909391000006101,909391000006117,[RFC] Smoking cessation,Ex-smoker,1
2717211000000112,ESCTSI77,,1084381000000100,2717211000000112,Signposting to smoking cessation service,Current smoker,1
1175011000000112,8IEK,8IEK.00,1087441000000106,2724181000000114,Smoking cessation programme declined,Current smoker,1
2741221000000116,^ESCT1172297,,1094321000000100,2741221000000116,Referral for brief intervention for smoking cessation,Current smoker,1
460828018,ZV4K0,ZV4K000,110483000,175325014,Tobacco user,Current smoker,1
4180331000006118,^ESCTTO418033,,110483000,2923440014,Tobacco use,Current smoker,1
12626191000006119,^ESCT1262619,,1110791000000100,2779491000000117,VBA (Very Brief Advice) on Smoking,Current smoker,1
12626391000006117,^ESCT1262639,,1110971000000101,2779921000000110,QOF (Quality and Outcomes Framework) smoking quality indicator-related care invitation,Current smoker,1
13979601000006118,^ESCT1397960,,11351000175103,3955810015,Tobacco use screening declined,Current smoker,1
216212011,137V,137V.00,134406006,216212011,Smoking reduced,Current smoker,1
137711000006111,EMISSMRE1,,137711000006107,137711000006111,Smoker (Read codes),Current smoker,1
12734401000006119,^ESCT1273440,,143461000000103,1628391000000113,QOF (Quality and Outcomes Framework) smoking quality indicator-related care invitation using preferred method of communication,Current smoker,1
1591651000006110,EMISNQSM5,,1591651000006106,1591651000006110,Smoking cessation referral declined,Current smoker,1
743331000006116,1373,1373.00,160603005,250358015,Light cigarette smoker (1-9 cigs/day),Current smoker,1
700121000006118,1374,1374.00,160604004,250359011,Moderate cigarette smoker (10-19 cigs/day),Current smoker,1
819331000006110,1375,1375.00,160605003,250360018,Heavy cigarette smoker (20-39 cigs/day),Current smoker,1
67621000006112,1376,1376.00,160606002,250362014,Very heavy cigarette smoker (40+ cigs/day),Current smoker,1
250368013,137C,137C.00,160612007,250368013,Keeps trying to stop smoking,Current smoker,1
250369017,137D,137D.00,160613002,2791864017,Admitted tobacco consumption possibly untrue,Current smoker,1
250372012,137G,137G.00,160616005,250372012,Trying to give up smoking,Current smoker,1
250375014,137M,137M.00,160619003,250375014,Rolls own cigarettes,Current smoker,1
14933931000006118,^ESCT1493393,,1659131000000104,3195651000000116,Community Pharmacy Smoking Cessation Service,Current smoker,1
4640171000006113,^ESCTPR464017,,171055003,2575653016,Pregnancy smoking education,Current smoker,1
265092010,67A3,67A3.00,171055003,265092010,Pregnancy smoking advice,Current smoker,1
1777011000006118,EMISNQRE259,,1777011000006102,1777011000006118,Reason for referral: Smoking Cessation,Current smoker,1
1778181000006110,EMISNQGR20,,1778181000006106,1778181000006110,Group session: Stop smoking education programme,Current smoker,1
1819411000006114,EMISNQSM14,,1819411000006105,1819411000006114,Smoking increased,Current smoker,1
295257016,E2511,E251100,191887008,295257016,"Tobacco dependence, continuous",Current smoker,1
295258014,E2512,E251200,191888003,295258014,"Tobacco dependence, episodic",Current smoker,1
8056731000006119,^ESCTSM805673,,196771000000101,295421000000116,Smoking assessment,Current smoker,1
1973821000006117,EMISICD10|F1700,,1973821000006101,1973821000006117,"Mental & behav dis due to use tobacco: acute intoxication, uncomplicated",Current smoker,1
1973841000006112,EMISICD10|F1701,,1973841000006108,1973841000006112,"Mental & behav dis due to use tobacco: acute intoxication, with trauma or other bodily injury",Current smoker,1
1973851000006114,EMISICD10|F1702,,1973851000006105,1973851000006114,"Mental & behav dis due to use tobacco: acute intoxication, with other medical complications",Current smoker,1
1973921000006114,EMISICD10|F1703,,1973921000006105,1973921000006114,"Mental & behav dis due to use tobacco: acute intoxication, with delirium",Current smoker,1
1973951000006117,EMISICD10|F1704,,1973951000006101,1973951000006117,"Mental & behav dis due to use tobacco: acute intoxication, with perceptual distortions",Current smoker,1
1973981000006113,EMISICD10|F1705,,1973981000006109,1973981000006113,"Mental & behav dis due to use tobacco: acute intoxication, with coma",Current smoker,1
1974031000006110,EMISICD10|F1706,,1974031000006106,1974031000006110,"Mental & behav dis due to use tobacco: acute intoxication, with convulsions",Current smoker,1
1974341000006115,EMISICD10|F1722,,1974341000006104,1974341000006115,"Mental and behav dis due to use tobacco: dependence syndr, currently on a clinically supervised maintenance or replacement regime [controlled dependence]",Current smoker,1
1974401000006114,EMISICD10|F1724,,1974401000006105,1974401000006114,"Mental and behav dis due to use tobacco: dependence syndr, currently using the substance [active dependence]",Current smoker,1
1974421000006116,EMISICD10|F1725,,1974421000006100,1974421000006116,"Mental and behav dis due to use tobacco: dependence syndr, continuous use",Current smoker,1
1974461000006110,EMISICD10|F1726,,1974461000006106,1974461000006110,"Mental and behav dis due to use tobacco: dependence syndr, episodic use [dipsomania]",Current smoker,1
1974581000006118,EMISICD10|F1741,,1974581000006102,1974581000006118,"Mental & behav dis due to tobacco: withdrawl state wth delirium, with convulsions",Current smoker,1
1974651000006110,EMISICD10|F1750,,1974651000006106,1974651000006110,"Mental & behav dis due to use tobacco: psychotic disorder, schizophrenia-like",Current smoker,1
1974681000006119,EMISICD10|F1751,,1974681000006103,1974681000006119,"Mental & behav dis due to use tobacco: psychotic disorder, predominantly delusional",Current smoker,1
1974711000006118,EMISICD10|F1752,,1974711000006102,1974711000006118,"Mental & behav dis due to use tobacco: psychotic disorder, predominantly hallucinatory",Current smoker,1
1974741000006119,EMISICD10|F1753,,1974741000006103,1974741000006119,"Mental & behav dis due to use tobacco: psychotic disorder, predominantly polymorphic",Current smoker,1
1974761000006115,EMISICD10|F1754,,1974761000006104,1974761000006115,"Mental & behav dis due to use tobacco: psychotic disorder, predominantly depressive symptoms",Current smoker,1
1974791000006111,EMISICD10|F1755,,1974791000006107,1974791000006111,"Mental & behav dis due to use tobacco: psychotic disorder, predominantly manic symptoms",Current smoker,1
1974811000006110,EMISICD10|F1756,,1974811000006106,1974811000006110,"Mental & behav dis due to use tobacco: psychotic disorder, mixed",Current smoker,1
1974841000006114,EMISICD10|F1770,,1974841000006105,1974841000006114,"Mental & behav dis due to tobacco: resid & late-onset psychot dis, flashbacks",Current smoker,1
1974871000006118,EMISICD10|F1771,,1974871000006102,1974871000006118,"Mental & behav dis due to tobacco: resid & late-onset psychot dis, personality or behaviour disorder",Current smoker,1
1974911000006115,EMISICD10|F1772,,1974911000006104,1974911000006115,"Mental & behav dis due to tobacco: resid & late-onset psychot dis, residual affective disorder",Current smoker,1
1974931000006114,EMISICD10|F1773,,1974931000006105,1974931000006114,"Mental & behav dis due to tobacco: resid & late-onset psychot dis, dementia",Current smoker,1
1974961000006117,EMISICD10|F1774,,1974961000006101,1974961000006117,"Mental & behav dis due to tobacco: resid & late-onset psychot dis, other persisting cognitive impairment",Current smoker,1
1974981000006110,EMISICD10|F1775,,1974981000006106,1974981000006110,"Mental & behav dis due to tobacco: resid & late-onset psychot dis, late-onset psychotic disorder",Current smoker,1
303501000000115,8CAg,8CAg.00,200221000000105,303501000000115,Smoking cessation advice provided by community pharmacist,Current smoker,1
8063181000006116,^ESCTWA806318,,203191000000107,310341000000119,Wants to stop smoking,Current smoker,1
4835491000006116,^ESCTFE483549,,206154006,2965837017,Fetal or neonatal effect of maternal use of tobacco,Current smoker,1
316079016,Q040,Q040.00,206154006,316079016,Fetus and newborn affected by maternal use of tobacco,Current smoker,1
324597019,SMC,SMC..00,212899006,324597019,Toxic effect of tobacco and nicotine,Current smoker,1
818061000006111,6791,6791.00,225323000,2575784012,Smoking cessation education,Current smoker,1
4939241000006115,^ESCTAD493924,,225323000,2693470012,Advice on effects of smoking on health,Current smoker,1
4939251000006118,^ESCTAD493925,,225323000,2695629019,Advice on smoking,Current smoker,1
338608011,8CAL,8CAL.00,225323000,338608011,Smoking cessation advice,Current smoker,1
4939261000006116,^ESCTSM493926,,225324006,2575785013,Smoking effects education,Current smoker,1
936011000006114,67H1,67H1.00,225324006,338609015,Advice on effects of smoking on health,Current smoker,1
4948531000006116,^ESCTSM494853,,225934006,339459013,Smokes in bed,Current smoker,1
4948551000006111,^ESCTDR494855,,225936008,339461016,Drops unextinguished cigarettes,Current smoker,1
344793011,137X,137X.00,230056004,344793011,Cigarette consumption,Current smoker,1
344794017,137Y,137Y.00,230057008,344794017,Cigar consumption,Current smoker,1
344795016,137a,137a.00,230058003,344795016,Pipe tobacco consumption,Current smoker,1
5003141000006118,^ESCTTR500314,,230059006,344796015,Trivial cigarette smoker,Current smoker,1
11904991000006116,^ESCT1190499,,230059006,344797012,Occasional cigarette smoker,Current smoker,1
5003151000006116,^ESCTLI500315,,230060001,344798019,Light cigarette smoker,Current smoker,1
5003161000006119,^ESCTMO500316,,230062009,344801013,Moderate cigarette smoker,Current smoker,1
5003171000006114,^ESCTHE500317,,230063004,344802018,Heavy cigarette smoker,Current smoker,1
5003181000006112,^ESCTVE500318,,230064005,344803011,Very heavy cigarette smoker,Current smoker,1
5003191000006110,^ESCTCH500319,,230065006,344804017,Chain smoker,Current smoker,1
5074201000006119,^ESCTSM507420,,235033006,352240019,Smokers keratosis,Current smoker,1
8012751000006116,^ESCTDI801275,,25261000000107,2155321000000119,Did not attend smoking cessation clinic,Current smoker,1
62881000000117,9N4M,9N4M.00,25261000000107,62881000000117,DNA - Did not attend smoking cessation clinic,Current smoker,1
5495901000006112,^ESCTAM549590,,266918002,1225107019,Amount and type of tobacco smoked,Current smoker,1
102921000006112,137,137..00,266918002,397730015,Tobacco smoking consumption,Current smoker,1
137721000006115,137-1,137..11,266918002,397730015,Smoker - amount smoked,Current smoker,1
250387019,137Z,137Z.00,266918002,397730015,Tobacco consumption NOS,Current smoker,1
5495941000006114,^ESCTOC549594,,266920004,397733018,Occasional smoker,Current smoker,1
5495951000006111,^ESCTOC549595,,266920004,397734012,Occasional cigarette smoker (less than one cigarette/day),Current smoker,1
88471000006112,1372,1372.00,266920004,397735013,Trivial cigarette smoker (less than one cigarette/day),Current smoker,1
5496021000006114,^ESCTTO549602,,266927001,397743015,Tobacco smoking consumption unknown,Current smoker,1
2669652019,137Q,137Q.00,266929003,2669652019,Smoking started,Current smoker,1
5553301000006112,^ESCTMO555330,,273632007,409167012,Motives for smoking scale,Current smoker,1
5553641000006116,^ESCTOC555364,,273657002,409204012,Occasions for smoking scale,Current smoker,1
5555231000006111,^ESCTRE555523,,273738001,409335016,Reasons for smoking scale,Current smoker,1
295951010,Eu17,Eu17.00,30310000,50736017,Nicotine-induced organic mental disorder,Current smoker,1
397671000006112,Eu170,Eu17000,30310000,50736017,[X]Mental and behavioural disorders due to use of tobacco: acute intoxication,Current smoker,1
397981000006119,Eu172,Eu17200,30310000,50736017,[X]Mental and behav dis due to use tobacco: dependence syndr,Current smoker,1
397681000006110,Eu175,Eu17500,30310000,50736017,[X]Mental and behavioural disorders due to use of tobacco: psychotic disorder,Current smoker,1
397971000006117,Eu176,Eu17600,30310000,50736017,[X]Mental and behav dis due to use tobacco: amnesic syndrome,Current smoker,1
397181000006117,Eu177,Eu17700,30310000,50736017,[X]Mental and behavioural disorders due to use of tobacco: residual and late-onset psychotic disorder,Current smoker,1
397271000006110,Eu17y,Eu17y00,30310000,50736017,[X]Mental and behavioural disorders due to use of tobacco: other mental and behavioural disorders,Current smoker,1
397461000006119,Eu17z,Eu17z00,30310000,50736017,[X]Mental and behavioural disorders due to use of tobacco: unspecified mental and behavioural disorder,Current smoker,1
137791000006118,137Q-1,137Q.11,308438006,2670126018,Smoking restarted,Current smoker,1
2670126018,137e,137e.00,308438006,2670126018,Smoking restarted,Current smoker,1
6047151000006118,^ESCTTO604715,,314538009,458913015,Tobacco related optic neuropathy,Current smoker,1
459722017,8HTK,8HTK.00,315232003,459722017,Referral to stop-smoking clinic,Current smoker,1
6282371000006112,^ESCTTO628237,,365982000,489484014,Tobacco smoking consumption - finding,Current smoker,1
1704561000006112,9kf1,9kf1.00,375851000000108,739301000000115,Referred for chronic obstructive pulmonary disease structured smoking assessment,Current smoker,1
1704551000006110,9kf1-1,9kf1.11,375851000000108,739301000000115,Referred for COPD structured smoking assessment,Current smoker,1
1704571000006117,9kf2,9kf2.00,375911000000102,739421000000116,Chronic obstructive pulmonary disease structured smoking assessment declined,Current smoker,1
1704581000006119,9kf2-1,9kf2.11,375911000000102,739421000000116,COPD structured smoking assessment declined,Current smoker,1
1484933010,13p0,13p0.00,390901002,1484933010,Negotiated date for cessation of smoking,Current smoker,1
1488576014,137c,137c.00,394871007,1488576014,Thinking about stopping smoking,Current smoker,1
1488577017,137b,137b.00,394872000,1488577017,Ready to stop smoking,Current smoker,1
1488578010,137d,137d.00,394873005,1488578010,Not interested in stopping smoking,Current smoker,1
1489355012,8H7i,8H7i.00,395700008,1489355012,Referral to smoking cessation advisor,Current smoker,1
3142921000006110,^ESCTTO314292,,39953003,66552013,Tobacco,Current smoker,1
1780273014,9N2k,9N2k.00,401068004,1780273014,Seen by smoking cessation advisor,Current smoker,1
1780360012,137f,137f.00,401159003,1780360012,Reason for restarting smoking,Current smoker,1
1773560017,13p5,13p5.00,401160008,1773560017,Smoking cessation programme start date,Current smoker,1
6649431000006116,^ESCTSM664943,,401160008,1774846018,Smoking cessation program start date,Current smoker,1
2474719011,137h,137h.00,413173009,2474719011,Minutes from waking to first tobacco consumption,Current smoker,1
397733018,1372-1,1372.11,428041000124106,2717161000000119,Occasional smoker,Current smoker,1
8153371000006117,^ESCTOC815337,,428041000124106,3308893017,Occasional tobacco smoker,Current smoker,1
1592611000000110,137m,137m.00,446172000,2882460017,Failed attempt to stop smoking,Current smoker,1
7375991000006118,^ESCTSM737599,,449868002,2912728015,Smokes tobacco daily,Current smoker,1
78013015,H3101,H310100,46802002,78013015,Smokers' cough,Current smoker,1
1715591000006117,8HkQ,8HkQ.00,505281000000106,1122921000000113,Referral to National Health Service stop smoking service,Current smoker,1
8190531000006112,^ESCTRE819053,,505281000000106,1133211000000119,Referral to NHS (National Health Service) stop smoking service,Current smoker,1
1714541000006110,9ko,9ko..00,505651000000103,1152111000000118,Current smoker annual review - enhanced services admin,Current smoker,1
1152111000000118,9ko-1,9ko..11,505651000000103,1152111000000118,Current smoker annual review,Current smoker,1
1125741000000111,67H6,67H6.00,506491000000102,1125741000000111,Brief intervention for smoking cessation,Current smoker,1
8196151000006112,^ESCTSM819615,,521721000000109,1165101000000117,Smoking cessation leaflet given,Current smoker,1
1176421000000118,8IAj,8IAj.00,527151000000107,1176421000000118,Smoking cessation advice declined,Current smoker,1
3419101000006116,^ESCTMO341910,,56578002,94089011,Moderate smoker (20 or less per day),Current smoker,1
3422221000006116,^ESCTHE342222,,56771006,94417014,Heavy smoker (over 20 per day),Current smoker,1
3430571000006116,^ESCTTO343057,,57264008,95243015,Tobacco,Current smoker,1
99639019,137J,137J.00,59978006,99639019,Cigar smoker,Current smoker,1
604961000006114,EGTON1025,,604961000006105,604961000006114,Current Smoker NOS,Current smoker,1
108938018,137P,137P.00,65568007,108938018,Cigarette smoker,Current smoker,1
3582451000006114,^ESCTCI358245,,66562002,110585013,Cigarette smoking tobacco,Current smoker,1
7504551000006112,^ESCTSM750455,,698101006,2971159010,Smoking device,Current smoker,1
2982426011,ESCTPR3,,699033005,2982426011,Provision of smoking cessation leaflet,Current smoker,1
7559591000006110,^ESCTTO755959,,702388001,2995195017,Tobacco use cessation education,Current smoker,1
7650811000006116,^ESCTAS765081,,709507008,3039829017,Assessment of readiness for smoking cessation,Current smoker,1
461114016,ZV6D8,ZV6D800,711028002,3047058010,Counselling about tobacco use,Current smoker,1
7696001000006118,^ESCTPA769600,,712829007,3285644014,Patient request for smoking cessation information,Current smoker,1
1563081000000115,13p50,13p5000,712971000000108,1563081000000115,Practice based smoking cessation programme start date,Current smoker,1
8221521000006111,^ESCTSM822152,,720401000000103,1574781000000112,Smoking cessation,Current smoker,1
7832501000006113,^ESCTCI783250,,722496004,3332494012,Cigarette,Current smoker,1
7832511000006111,^ESCTCI783251,,722497008,3332496014,Cigar,Current smoker,1
397911000006114,Eu171,Eu17100,724697004,3445165019,[X]Mental and behavioural disorders due to use of tobacco: harmful use,Current smoker,1
7859781000006116,^ESCTHA785978,,724697004,3445165019,Harmful pattern of use of nicotine,Current smoker,1
1709641000000115,9NS02,9NS0200,767641000000109,1709641000000115,Referral for smoking cessation service offered,Current smoker,1
13494621000006118,^ESCT1349462,,770729006,3702282012,Referral for brief intervention for smoking cessation,Current smoker,1
13499671000006118,^ESCT1349967,,771155005,3704611015,Brief intervention for smoking cessation,Current smoker,1
128130017,137P-1,137P.11,77176002,128130017,Smoker,Current smoker,1
14616531000006112,^ESCT1461653,,77176002,4589211015,Smoking,Current smoker,1
503483019,137R,137R.00,77176002,503483019,Current smoker,Current smoker,1
1750931000000118,8CdB,8CdB.00,783011000000105,1750931000000118,Stop smoking service opportunity signposted,Current smoker,1
1751721000000113,9OOB,9OOB.00,783381000000101,1751721000000113,Stop smoking invitation short message service text message,Current smoker,1
8244731000006115,^ESCTST824473,,783381000000101,1751841000000113,Stop smoking invitation text message,Current smoker,1
1785671000006116,9OOB0,9OOB000,783401000000101,1751761000000117,Stop smoking invitation first short message service text message,Current smoker,1
1785681000006118,9OOB1,9OOB100,783441000000103,1751861000000114,Stop smoking invitation second short message service text message,Current smoker,1
1785691000006115,9OOB2,9OOB200,783481000000106,1751951000000118,Stop smoking invitation third short message service text message,Current smoker,1
2141561000000115,8IEM,8IEM.00,822591000000108,2141561000000115,Smoking cessation drug therapy declined,Current smoker,1
136515019,137H,137H.00,82302008,136515019,Pipe smoker,Current smoker,1
8279661000006118,^ESCTPR827966,,838131000000103,2175501000000117,Provision of written information about smoking cessation,Current smoker,1
3874641000006110,^ESCTPI387464,,84498003,140113010,Pipe smoking tobacco,Current smoker,1
852111000006118,EMISQGR1,,852111000006102,852111000006118,Gradual smoking reduction,Current smoker,1
852981000006111,EGTON1024,,852981000006107,852981000006111,Rolls own cigarettes,Current smoker,1
854021000006115,EGTON321,,854021000006104,854021000006115,Cigarette smoker,Current smoker,1
854071000006119,EGTON326,,854071000006103,854071000006119,Current smoker,Current smoker,1
854961000006110,EGTONGR11,,854961000006106,854961000006110,Grade B light smoker (1-10/day),Current smoker,1
854981000006117,EGTONGR12,,854981000006101,854981000006117,Grade C moderate smoker (11-20/day),Current smoker,1
855001000006114,EGTONGR13,,855001000006105,855001000006114,Grade D heavy smoker (>20 Day),Current smoker,1
856371000006111,EGTONSM6,,856371000006107,856371000006111,Smoking clinic,Current smoker,1
8299271000006119,^ESCTNU829927,,864091000000103,2234141000000111,Number of previous attempts to stop smoking,Current smoker,1
2251871000000112,8IEo,8IEo.00,871641000000105,2251871000000112,Referral to smoking cessation service declined,Current smoker,1
2251911000000114,8T08,8T08.00,871661000000106,2251911000000114,Referral to smoking cessation service,Current smoker,1
295256013,E2510,E251000,89765005,148820017,"Tobacco dependence, unspecified",Current smoker,1
3959111000006111,^ESCTTO395911,,89765005,148820017,Tobacco dependence syndrome,Current smoker,1
102951000006115,E251,E251.00,89765005,2951656017,Tobacco dependence,Current smoker,1
295260011,E251z,E251z00,89765005,2951656017,Tobacco dependence NOS,Current smoker,1
903981000006117,EMISQNO1,,903981000006101,903981000006117,Not interested in stopping smoking,Current smoker,1
904001000006111,EMISQRE12,,904001000006107,904001000006111,Ready to stop smoking,Current smoker,1
904011000006114,EMISQSM9,,904011000006105,904011000006114,Smoking cessation declaration signed by patient,Current smoker,1
904021000006118,EMISQPR6,,904021000006102,904021000006118,Previous smoking quit attempts,Current smoker,1
904031000006115,EMISQTH1,,904031000006104,904031000006115,Thinking about stopping smoking,Current smoker,1
904041000006113,EMISQWA1,,904041000006109,904041000006113,Waking time to first cigarette,Current smoker,1
904121000006117,EMISQCO3,,904121000006101,904121000006117,Carbon monoxide validation confirms smoker,Current smoker,1
904181000006118,EMISQSM12,,904181000006102,904181000006118,Smoking cessation counselling,Current smoker,1
904231000006113,EMISQSM13,,904231000006109,904231000006113,Smoking cessation counselling by telephone,Current smoker,1
904241000006115,EMISQSM14,,904241000006104,904241000006115,Smoking cessation counselling in person,Current smoker,1
923201000006112,PCNQPR2,,923201000006108,923201000006112,Pregnancy smoking advice,Current smoker,1
923611000006113,PC0076,,923611000006109,923611000006113,Health ed. - smoking,Current smoker,1
2651021000006113,^ESCTTO265102,,9473008,16588018,Tobacco deposit on teeth,Current smoker,1
16588018,J0364,J036400,9473008,511413011,Tobacco deposit on teeth,Current smoker,1
961581000006114,EMISCSM1,,961581000006105,961581000006114,Smokes/uses tobacco products,Current smoker,1
2462391000000119,8IEM0,8IEM000,966971000000103,2462391000000119,Varenicline smoking cessation therapy declined,Current smoker,1
2462431000000110,8B31G,8B31G00,966991000000104,2462431000000110,Varenicline smoking cessation therapy offered,Current smoker,1
